date,WDD_external_inflow_m3s,BHT_interval_inflow_m3s,XLD_interval_inflow_m3s,XJB_interval_inflow_m3s,THR_interval_inflow_m3s
2023-01-01,2237.4,146,199.3,79.6,5817.8
2023-01-02,2711.2,129.6,212.8,109.4,7972.7
2023-01-03,2983.1,132.8,225.9,88.6,7302.5
2023-01-04,2730.3,123.9,217.6,83.8,7000.9
2023-01-05,1845.6,95.6,188.9,103.9,7329.5
2023-01-06,1955.3,97.7,193.6,131.8,8102.5
2023-01-07,2067.7,100.7,182.8,142,6255
2023-01-08,2038.5,128.4,185.1,122.6,6538.8
2023-01-09,2012.9,150.9,211.8,109.3,6076.5
2023-01-10,1846.8,186.5,195.4,119.6,5408
2023-01-11,1914.5,161.7,258.8,96.9,4918.5
2023-01-12,1797.7,179,227,59.5,5808.7
2023-01-13,2191.6,176.6,233.6,77.6,6065.1
2023-01-14,2192.2,147,267.2,74.6,4775.7
2023-01-15,2197,133.8,271.9,100.4,5774.6
2023-01-16,2120,136.9,304.1,98.9,4411.2
2023-01-17,2166.3,109.8,345.2,76.3,5291.7
2023-01-18,2221.6,99.9,255.5,81.6,4297.1
2023-01-19,1885.9,120,209.7,73.7,3917.4
2023-01-20,1856.2,130.5,225.1,70.6,4822.3
2023-01-21,2072.8,112.6,248.9,59.7,3997.7
2023-01-22,1992.1,115.2,229.3,51.1,4526.9
2023-01-23,1837.1,106.2,211.9,52.9,4319.9
2023-01-24,2105.3,91.7,238.3,68.1,5244.7
2023-01-25,2057.1,103.9,237.3,73,5508
2023-01-26,1695.3,88.3,191.6,49.6,5256.8
2023-01-27,1583.7,91.8,162.6,58.6,4036.3
2023-01-28,2030.4,117.6,154.2,48.4,4955.2
2023-01-29,1908.5,168.2,172.9,46,5004.3
2023-01-30,1953.8,129.4,146.7,52.3,4171.7
2023-01-31,2094.9,150.9,174,72.7,5425.2
2023-02-01,1788.8,134.3,145.8,63.7,6104.1
2023-02-02,1577.7,146.2,169.6,59.4,6253.7
2023-02-03,2115.8,166.1,178.9,57,6295
2023-02-04,2237.8,193,152.7,49.1,7209.2
2023-02-05,2463.6,209.6,167.6,47.1,6610.2
2023-02-06,2769.5,215.9,171.8,38.8,5732.3
2023-02-07,2508.5,202,141.8,42.6,5472.6
2023-02-08,3166.8,177,144.3,42,5618.3
2023-02-09,3066.8,213.4,151.7,31.9,6056.6
2023-02-10,3207.7,196.7,171.6,33.5,6227.8
2023-02-11,3203.6,191.9,147.8,44.4,6509
2023-02-12,2463.4,205.9,109.8,42.5,6196
2023-02-13,1977.2,221.5,129.4,33,6127.6
2023-02-14,1868.5,223.6,125.7,47.6,5555.3
2023-02-15,1454.6,249.5,159,57.6,5322.7
2023-02-16,1432.5,268,207.6,47.5,5105.5
2023-02-17,1301.1,255.2,179.8,43.1,4212.8
2023-02-18,1271.7,212.5,149.8,44.4,3979.2
2023-02-19,1261,200.1,158.9,47.3,4699.8
2023-02-20,1433.1,221.8,153,45.6,5208.3
2023-02-21,1525.1,198.5,160.2,32.1,5934
2023-02-22,1874.8,149.4,178.7,25.7,5748.6
2023-02-23,2022.7,148.7,149,28.1,6200.3
2023-02-24,2127.5,167.8,142.9,34.8,6414.9
2023-02-25,2142.3,167.7,146.2,30.4,5561.2
2023-02-26,2020.6,162.3,132.3,29.9,5139.5
2023-02-27,2196.2,139.4,138.8,31.9,5523
2023-02-28,2453.9,157.9,198.8,34,6066.9
2023-03-01,2319.5,181.1,194.4,35.7,6422
2023-03-02,2195.1,181.2,193.9,54.4,7441.2
2023-03-03,2147,223.8,213,63.9,6188.1
2023-03-04,2013.1,190.5,192.3,84.9,5522.6
2023-03-05,2094.4,198,211.6,85.8,5243.7
2023-03-06,2395.3,149,204.3,87.2,5571.9
2023-03-07,2122.8,115.7,206.4,78,4812
2023-03-08,1721.3,126.2,151.8,109.5,5267
2023-03-09,1678.2,129.3,108.5,94.2,4366.7
2023-03-10,1751.8,130.5,133.9,58.1,5145.7
2023-03-11,1878,172.6,160.7,55,7179.5
2023-03-12,2198.6,180.9,148.2,44.9,7842.8
2023-03-13,2188.4,123.7,159.6,37.9,7967.7
2023-03-14,2357.5,118.8,150.1,48.5,5977.7
2023-03-15,2379.5,110.4,165.8,51.8,5685.5
2023-03-16,2587.7,145.1,195.6,40.8,5413.6
2023-03-17,2848.5,118.4,221.2,57.6,5484.9
2023-03-18,2025.2,116.5,243.8,53,5639.4
2023-03-19,2040.4,134.6,267.6,53.8,5512.3
2023-03-20,2155.6,123,197.8,48.7,6615
2023-03-21,2094.3,112.1,196.9,48.4,4901.8
2023-03-22,2344.1,105.6,250,46.1,5619.1
2023-03-23,2363.8,129.4,248.3,63.2,5050
2023-03-24,2502.6,147.9,286.3,46.7,4991.7
2023-03-25,2289.2,143.8,275.8,56.1,4412.1
2023-03-26,2329.4,163.3,284.6,40.7,4161.6
2023-03-27,2257,111.4,235.3,41.5,4245.6
2023-03-28,2140,89.3,186.1,51.1,3631.8
2023-03-29,2267,73.1,186.6,56.1,4732.4
2023-03-30,2389.8,73.2,213.5,70.6,4568.2
2023-03-31,2524.7,88,229.1,73.3,4938.9
2023-04-01,2404.5,137.8,380,104.7,5158
2023-04-02,2586.2,167.4,325,89.3,5779.1
2023-04-03,3194.6,196.7,378.1,79,5408.6
2023-04-04,2862.7,192.5,364.3,66.9,5715.7
2023-04-05,2514.3,181.2,338.4,69.8,6197.4
2023-04-06,2456.5,154.6,287.9,62.2,5693.7
2023-04-07,2314.3,158.6,275,81.8,6851.5
2023-04-08,2366.2,164.5,333,101.9,5645
2023-04-09,2305.9,247.8,293.6,73.1,6876.6
2023-04-10,2044.4,205.2,244.8,81.4,6519.2
2023-04-11,1822.3,213.2,185.9,74.6,8510.2
2023-04-12,2148.8,252.3,155.3,63.4,8103.9
2023-04-13,2071.3,264.9,183.5,80.5,7577
2023-04-14,2223,286.3,237.4,88.5,7480.1
2023-04-15,2427.6,368.1,263.1,83.6,6450.5
2023-04-16,2126.3,277.7,272.7,71.3,7244.6
2023-04-17,2258.7,265.9,330.5,86,6507.3
2023-04-18,2773.9,244,318.9,67.3,6183.3
2023-04-19,2655.5,265.2,277.6,86.1,6521.6
2023-04-20,2565.1,255.5,359.3,117.8,6619.5
2023-04-21,2314.8,253.2,327.6,133.2,6344.8
2023-04-22,2199,254.9,431,130.6,6515.8
2023-04-23,1856.7,263,390.4,87.1,6594.8
2023-04-24,2035.5,236.9,344.4,88.3,6601.3
2023-04-25,2378.9,248.8,360.5,77.3,7152
2023-04-26,2195.6,210,396.2,61.7,5771.7
2023-04-27,1915.8,175.6,408.4,66.3,7170.9
2023-04-28,2468.4,204.1,438.5,77.9,6997.5
2023-04-29,2219.8,171.3,416.9,74.2,6767.1
2023-04-30,2166.2,216.5,350,77.5,6296.1
2023-05-01,2800,283,407.9,90.5,7620.2
2023-05-02,2634.8,233.1,361.9,88.3,10502.5
2023-05-03,2712,196.7,423,97.2,9475.7
2023-05-04,2264.4,216.6,343.8,119.2,7436.2
2023-05-05,2311.4,181.3,270,99,6343.3
2023-05-06,2322,165,344.5,88.5,6570.5
2023-05-07,1852.6,143,252.3,102,5691.5
2023-05-08,2183.8,158.9,291.4,97.8,5480.8
2023-05-09,2032.3,167.5,272.3,133,6818.4
2023-05-10,2315,151.8,291.1,96.5,6071.3
2023-05-11,2056.5,179,279,109.4,5711.3
2023-05-12,2957.4,171.2,260.9,114.2,6119.5
2023-05-13,3054.8,146.6,239.9,122.3,6435
2023-05-14,3115.1,131.1,204.3,169.6,6363.3
2023-05-15,3002.9,115.2,181.6,152.9,5731.8
2023-05-16,3536.2,116.4,221.6,146.7,5467.1
2023-05-17,3405.4,159.2,216.4,142.5,6717.7
2023-05-18,3318.9,209.8,203,98.7,7177.9
2023-05-19,2994.4,198.5,197.5,111.7,6984.9
2023-05-20,2741.4,214.4,195,92.1,6903.3
2023-05-21,2825.8,210.2,226.3,76.4,7310.7
2023-05-22,3037.8,279.2,265.8,78.2,6779.1
2023-05-23,3017.5,206.2,322.6,74.3,7047.6
2023-05-24,2836.5,234.3,357.1,83.8,7180.8
2023-05-25,3180.1,307,240,79.3,6984.1
2023-05-26,3493,225.5,199.6,82.3,8219
2023-05-27,2957,245.3,186.4,74.2,7949.6
2023-05-28,2588.1,223.9,182.7,79.8,9816.7
2023-05-29,2848.1,190.9,134.4,80.7,10596.5
2023-05-30,2977.3,127.5,158.6,87.3,10924.9
2023-05-31,3221.5,139,148.4,101.3,8917.2
2023-06-01,4290.9,230.7,216.9,138.9,11413.2
2023-06-02,4066.5,268.1,285.8,110.4,12344.9
2023-06-03,4036.5,244.8,257.4,91.5,12655.6
2023-06-04,3463.1,306.8,329.7,114.7,10906.5
2023-06-05,2905.7,309.2,333.8,96.9,8249.5
2023-06-06,2818.7,283,233.5,107,9987.7
2023-06-07,2581.7,238.5,285.7,92.1,10931.6
2023-06-08,2789.7,253.4,304.9,104.5,11125.4
2023-06-09,2667.1,313.4,342.5,77.2,13897.4
2023-06-10,3088.8,386.5,411.8,79.2,12666.5
2023-06-11,2807.2,352.7,385.2,95.3,13470.6
2023-06-12,2978.3,349.4,464.5,126.1,15870.6
2023-06-13,3659.4,314.5,484.9,97.5,13931.9
2023-06-14,4275.9,309.8,530.6,100.8,13436.3
2023-06-15,4487.3,272.2,486.9,107.3,14681.1
2023-06-16,3999,263.1,381.4,109.5,13305.5
2023-06-17,4205.8,382.8,353.6,147.3,18546
2023-06-18,4201.5,331.2,310.4,143.2,17866.6
2023-06-19,4325,416,260.9,230.4,16954.8
2023-06-20,3860.4,464.6,336.7,217,13715.7
2023-06-21,3733.6,386.5,383,234.9,13654.8
2023-06-22,4076.6,384.2,365.5,249.2,13717.4
2023-06-23,4282,237.1,324.1,179.6,13084.4
2023-06-24,4062.8,267.2,443.2,163.6,11942.3
2023-06-25,3508.4,235.9,411.4,178.7,12800.2
2023-06-26,3072.6,330.3,510.3,130.8,15513.5
2023-06-27,3288.4,308.9,462.4,164.3,12937.9
2023-06-28,3208.5,281.5,662.2,201.9,13935.6
2023-06-29,2790,288.9,580.9,149.1,11878.9
2023-06-30,3279.6,362.4,646.1,142.3,11451.1
2023-07-01,3798.3,636,1209.7,234.8,13352.8
2023-07-02,4595,575.5,945.3,157.9,17317.1
2023-07-03,4141.5,564.6,1018.2,147.7,16875.3
2023-07-04,3902.1,514.5,1131.1,144.6,17926.9
2023-07-05,4188.4,431.9,931.9,181.5,20921.4
2023-07-06,4451,472.8,1241,172.3,17164.2
2023-07-07,4557,408.8,1198.3,218.3,14674
2023-07-08,4312.2,399.9,1531.6,179.8,11265.3
2023-07-09,4134.1,407.8,1245.2,217.8,13207.9
2023-07-10,4030.6,445,1038.7,221.6,15479.7
2023-07-11,4780.1,449.1,1136.1,222.8,16937
2023-07-12,5369.4,563.5,815.8,254.6,18329
2023-07-13,5341,647.1,795.6,204.7,17151.5
2023-07-14,5597.9,619.1,698.8,170.6,16758.2
2023-07-15,6467.8,576.2,809,193.5,14455.2
2023-07-16,8306.2,591.1,681.5,152.2,15613.4
2023-07-17,9982,547.6,775.4,120.4,16859.5
2023-07-18,11339.8,609.3,920,113.1,13444.9
2023-07-19,10703.9,588.1,1048.8,136.7,14337.2
2023-07-20,11986.8,678.2,857.2,164.2,17164.6
2023-07-21,11229,613.3,870.9,145,19690.6
2023-07-22,8541.3,595,941.5,127.1,20111.3
2023-07-23,7760.3,471.2,1100.3,102.9,18726.6
2023-07-24,6985.5,407.4,1054,90.9,15361.2
2023-07-25,8302.9,354,1034.1,83.8,18299.5
2023-07-26,8585.5,445.4,1081.2,92.7,17754.5
2023-07-27,8819.2,525.3,1277.3,81.1,22471.4
2023-07-28,8668.6,563.1,959.3,85.3,23979.3
2023-07-29,9974,736.2,902,83.5,23210.3
2023-07-30,9208.7,805.4,762.9,100.3,22598
2023-07-31,8885.3,838.6,664.9,134.8,19736.2
2023-08-01,12737.8,1091.2,613.2,213.5,18877.7
2023-08-02,12133,1515.8,683.1,180.6,17635.6
2023-08-03,15283.7,1375.7,822.9,126.5,15010.2
2023-08-04,11673.7,1232.1,741.3,134.8,13102.1
2023-08-05,11381.6,911.8,555.2,212.6,11760
2023-08-06,10651.2,966.1,562.3,131,11971.3
2023-08-07,9917.1,977.1,654.9,168.1,12910.8
2023-08-08,9274.3,773.5,774.2,172.2,16742.5
2023-08-09,8960.6,1083.8,715.6,190.5,18805.9
2023-08-10,8575.1,912.4,635.6,210.1,21536.8
2023-08-11,8246.7,810.7,568.2,218.9,22729.1
2023-08-12,7294.1,1031.9,485.1,288.5,24339.8
2023-08-13,7144.6,979.5,538.2,298.9,20743
2023-08-14,7601.3,866.2,445.3,227.5,25762.3
2023-08-15,8246.3,710.8,590.3,236.6,23331.4
2023-08-16,7317.4,813,695,256.2,19213.2
2023-08-17,6254.4,1023.9,683.1,279.3,18782.8
2023-08-18,6525.7,960.4,657.2,225.9,16359.9
2023-08-19,8075,799.1,604.9,172.4,13559.5
2023-08-20,10034.6,757.6,625.2,170.5,15470.8
2023-08-21,11452.1,733.2,627.7,257.5,19047.6
2023-08-22,10680.9,597.2,837.3,313.7,22331.5
2023-08-23,10000.1,896.4,1022.2,276,19399.1
2023-08-24,9829.6,919,861.7,201.4,16102
2023-08-25,8266.1,910,985.5,137.5,22124
2023-08-26,8780.4,810.5,1002.8,107.2,23869.6
2023-08-27,8472.9,820.8,734.8,108.4,22790.9
2023-08-28,6153.9,920.7,701.2,119.3,21226.8
2023-08-29,5019.9,801.2,898.8,142.3,20362.3
2023-08-30,4405.7,749.7,927.2,151.1,22645.7
2023-08-31,5131.5,844.6,857.4,164.1,20462.8
2023-09-01,4549.8,665.4,733.3,132.2,18860.7
2023-09-02,4479,582.8,761.1,151.3,20585
2023-09-03,4557.8,699.2,796.5,172.1,17310.2
2023-09-04,5203.6,972,696.3,183.5,15322.2
2023-09-05,4737.8,643,618.9,166.6,12766.2
2023-09-06,3947,682.6,635.7,185.6,15276.5
2023-09-07,4005.5,550,666.6,171.2,10631.5
2023-09-08,4011.2,663.3,618.3,157.2,12424.6
2023-09-09,4538.9,800.3,705.1,166.3,13934.1
2023-09-10,4225.8,500.5,787.7,157.4,12335.5
2023-09-11,4754.5,482.7,771.2,129.5,12078
2023-09-12,5709.1,553.7,963.1,133.1,13459
2023-09-13,5412.8,647.5,1028,134.5,12662.1
2023-09-14,6240.6,652.9,891.5,118,15886.1
2023-09-15,6572,637.8,678.8,82.3,20693
2023-09-16,6414.7,706.6,652.2,109.1,20453.1
2023-09-17,6375.4,646.2,629.7,91.8,17737.6
2023-09-18,7433.5,759.2,574.8,98.9,17230.2
2023-09-19,8155,726,674.2,94.1,20095.5
2023-09-20,8523.2,685.7,795.6,90.5,22131.1
2023-09-21,9139.1,663,921.1,98.5,23255.3
2023-09-22,6639.8,516.2,846.5,140.6,20408.5
2023-09-23,6009.9,351.6,829.1,140.6,18530.8
2023-09-24,6992.7,324.8,884.5,112.8,15662
2023-09-25,5699.5,518.5,891.4,157.4,14666.6
2023-09-26,6064.2,590.4,1042.7,142.1,14067
2023-09-27,6469,417,1093.8,174.4,12020.8
2023-09-28,6919.1,443.5,1027.6,219.2,13256.2
2023-09-29,7008.8,451.5,1093.7,219.9,13947.8
2023-09-30,6951.3,416.2,1023.4,212,13399.5
2023-10-01,5488,328.9,628.4,127.8,9039.8
2023-10-02,4729.3,253,652.8,139.7,9519.2
2023-10-03,4860.2,261.8,538.6,98.9,11847.4
2023-10-04,5574.3,237.3,583.5,114.3,12151.4
2023-10-05,5142.1,280.9,604.6,124.8,15172.4
2023-10-06,5170.1,282.9,595.3,132.3,12981.5
2023-10-07,5313.4,268.4,723.6,136.2,12844.9
2023-10-08,4299.3,198.5,683.4,157.8,13531.2
2023-10-09,4256.8,210.4,520.4,130.3,14181.5
2023-10-10,3861.8,216.9,557,130.5,12134.7
2023-10-11,3684.4,328.9,591.6,130.3,9166.1
2023-10-12,3567.9,401.8,446.7,166.5,10347.4
2023-10-13,3288,379.2,518.2,129.4,7803.4
2023-10-14,3639.8,393.6,530.1,153.3,6343.4
2023-10-15,3428.4,444.5,631.5,173.7,8922.3
2023-10-16,3286.5,456.2,562.2,250.8,7574.1
2023-10-17,3316,412.2,572.6,281.9,8134.7
2023-10-18,3025.1,295.1,488.9,259.3,7339.9
2023-10-19,4050.7,246.1,460.1,209,8062.7
2023-10-20,4155.7,257.9,451.7,160.4,9495.5
2023-10-21,4606.3,249.8,360.9,167.6,9029.7
2023-10-22,3745.9,327.2,298.5,201.3,9871.7
2023-10-23,4449.2,294.9,306.1,263.9,12071.1
2023-10-24,5215.6,356.9,394.9,256,12051.6
2023-10-25,4207.7,334.8,336.6,231.2,12685
2023-10-26,4032.1,354.1,289.9,210.8,9864.5
2023-10-27,3742.2,465.9,293.7,181.4,10285.3
2023-10-28,4017.3,436.5,370.7,200.8,9954.5
2023-10-29,4095.8,431,287,163.4,10837.6
2023-10-30,3846.8,531.6,220.2,163.1,10163.4
2023-10-31,3917.7,569.2,182.3,124.4,12979.4
2023-11-01,2678.5,501.7,114.7,92.5,9973.7
2023-11-02,2519.1,547.3,158.1,96.6,11595
2023-11-03,2285.6,494.8,162.5,71.8,12343.8
2023-11-04,2193.8,453.5,199.8,69.7,11388.1
2023-11-05,2645.4,376.9,228.6,80.6,10767.1
2023-11-06,2637.3,361.1,250.6,80.6,10127.2
2023-11-07,2511.6,309.5,269.4,90.8,9154.4
2023-11-08,2601.6,312.9,338.6,83,9270.6
2023-11-09,2381.8,359,320,52.4,10301.8
2023-11-10,2859.4,332.9,410.7,46.1,10126.2
2023-11-11,3233.8,285,358,60.7,9491.6
2023-11-12,3314.1,302.2,386.2,88.4,9204.3
2023-11-13,3315.3,330.1,422.9,75.2,7155.1
2023-11-14,2942.7,305.4,425.5,76.1,6379.7
2023-11-15,2622.7,337.9,485.1,114,6952.3
2023-11-16,2588.4,306.2,416.4,141.6,7008.5
2023-11-17,2378.4,396.2,273.7,117.5,6220
2023-11-18,2706.7,365.9,213.9,210,7161
2023-11-19,2965.1,412.2,216.3,161.7,6722.1
2023-11-20,3123.4,443.4,186.3,156.8,5659.9
2023-11-21,2984.1,337.4,270,149.8,6766.5
2023-11-22,2584.4,284.9,220.4,125.6,6113.3
2023-11-23,2361.8,282.6,248.4,111.8,7098.4
2023-11-24,2799.4,295.5,209.8,121.3,6084.8
2023-11-25,2417.6,265.9,220.6,129.8,5684.3
2023-11-26,2607,279.5,245.4,137.5,6126.6
2023-11-27,2646.3,262.1,270.7,116,8372
2023-11-28,2889.2,249.4,331.3,115.9,8869.6
2023-11-29,3313,212.1,392.4,120.8,8093.2
2023-11-30,3743,210,388,133.3,8209.1
2023-12-01,2838.5,128.6,270.4,120.5,5586.5
2023-12-02,2515.8,139.8,221.1,120.5,7114.6
2023-12-03,3253.8,118.5,250.3,146.6,8079.7
2023-12-04,2354.3,121.8,288,162.5,7310.7
2023-12-05,2681.3,114.1,279.8,168.6,5724.3
2023-12-06,2439.9,125.4,305.2,151.2,7245.9
2023-12-07,2413.1,156,273.8,134.8,6539.7
2023-12-08,2311.9,181.1,304.5,141.1,5675.5
2023-12-09,2651.5,139.5,279,154.8,5830.2
2023-12-10,2296.6,149.6,224.7,148.9,5721.9
2023-12-11,2180.2,215.4,247.3,123.9,7236.6
2023-12-12,2177.3,251.6,262.6,94.8,9847.6
2023-12-13,2144.7,194.1,255.7,83.5,7711.2
2023-12-14,2228.4,171.1,219.7,78.4,7143.7
2023-12-15,2480.8,177,268.2,72.9,6047.1
2023-12-16,2184.5,199.8,245.7,60.7,6330.8
2023-12-17,2502.8,178.7,277.3,47,6102.2
2023-12-18,2441.2,213.1,231,43.9,5225.8
2023-12-19,2416,294.9,217.8,47.7,4334.9
2023-12-20,2334,251.7,200.4,47.1,3895.8
2023-12-21,2222.5,268.6,167.5,48.6,4228.9
2023-12-22,1956.7,320.9,149.8,37.2,3940.4
2023-12-23,2025.7,291.6,159.2,47.7,4664.2
2023-12-24,1969.5,342.4,172.7,53.2,5178.4
2023-12-25,2192.4,367.1,225.7,58.1,5951
2023-12-26,2269.7,334.8,214.1,47.1,5565.2
2023-12-27,1993.1,329.9,248.9,33.3,7415
2023-12-28,1921.8,278.6,226.9,34.6,6270.5
2023-12-29,2354.6,301.5,195.3,47.2,5825.2
2023-12-30,2438.1,260.4,187.4,45.3,5885.7
2023-12-31,2505.5,255.4,171.7,42.1,6758.1
2024-01-01,2938.9,253.7,149.8,52.6,6317.1
2024-01-02,2179.2,271,169,48,7638.7
2024-01-03,1974.9,222.3,206.6,41.2,9164.7
2024-01-04,2130.8,222.9,256.6,51.3,8760.4
2024-01-05,2202.7,190.1,210.7,57,6771.2
2024-01-06,2160,180,215.9,74.7,6468.5
2024-01-07,2490.5,181.6,198.5,98.3,6629.4
2024-01-08,3037.9,188.6,185.9,82.8,6615.5
2024-01-09,2683.1,214.2,202.8,88.1,7740.4
2024-01-10,2278.7,271.4,200.8,108.1,8721.6
2024-01-11,2036.3,215.7,200.7,94.8,8771.1
2024-01-12,1944.7,157,207.6,108.6,8368.6
2024-01-13,1913.2,190.4,197.9,107.6,6501.3
2024-01-14,1864.7,146.8,182,95.5,6666.6
2024-01-15,2074.9,135.7,202.5,125.2,6454.1
2024-01-16,2226.9,161,265.5,109.9,7638.4
2024-01-17,2316.5,153.5,222.4,86,6165.6
2024-01-18,2315.9,136.5,257.4,89.4,6341
2024-01-19,2154.2,148.3,269.6,70.2,6998.4
2024-01-20,1952.7,159.4,268.2,70.3,6451.7
2024-01-21,1653,179,340.2,90.4,6554.3
2024-01-22,1897.1,171.4,261.7,97.3,4869.8
2024-01-23,1829.2,211.3,226.9,97.6,5704.8
2024-01-24,1616.9,213.3,173.5,155,6972.1
2024-01-25,1797.3,220.9,185.6,140.5,5833.3
2024-01-26,2029.3,190.2,207.4,92.4,4603.6
2024-01-27,2191.2,232.9,194.6,95.1,4361.5
2024-01-28,1867.1,215,226.4,76.7,4155.2
2024-01-29,2559.5,258.1,206.8,79.7,5175.1
2024-01-30,3197.9,205.2,173.4,95,5283.4
2024-01-31,2648.8,144.7,132.2,82.5,5542
2024-02-01,2504.1,145,111.1,76.5,6830.6
2024-02-02,2888.7,137.4,100.7,98.5,6024.8
2024-02-03,2942.8,124.4,90,95.2,6426.1
2024-02-04,3156.3,111.3,95.4,90.7,7373.8
2024-02-05,3150,98.6,104.8,78.8,7243.8
2024-02-06,2862.5,97.9,102.9,80.8,5781.3
2024-02-07,2640.1,92,120.2,55.4,4822.6
2024-02-08,2771.3,104.4,131.1,51.8,3887
2024-02-09,2174.7,97.7,117.4,61.9,3305.6
2024-02-10,2139.4,89.5,108.5,66.4,4324.9
2024-02-11,2075.6,95.7,180.8,71.9,4912.1
2024-02-12,2086.8,81,172.2,96.5,5321.2
2024-02-13,2410.1,76.7,150.3,100,4952.6
2024-02-14,2510.5,86.5,181.6,90.8,4897.7
2024-02-15,2664.1,116.7,166.4,59.8,3773.6
2024-02-16,2325.8,122,173.2,66.8,4910.2
2024-02-17,2204,157.6,161.2,59.5,5965.6
2024-02-18,2135.4,148.4,171,62.7,5815.8
2024-02-19,2273.8,148.2,151,58.8,4628.2
2024-02-20,1948.1,116.1,139.2,58.8,5312.9
2024-02-21,2223.9,136.5,150.2,59.5,4738.4
2024-02-22,2067.8,138.1,143,58.6,5708.6
2024-02-23,1802.9,169.1,157.8,71.8,6443.1
2024-02-24,1676.1,188.3,177.6,75.2,7758.2
2024-02-25,1633.9,201.2,151.7,65.6,7079.8
2024-02-26,1668.3,194.5,169.6,69.7,7484.9
2024-02-27,1552.1,198,197,70.4,7042
2024-02-28,1680.7,137.2,208.4,88.3,7117.3
2024-02-29,1867.8,153.9,171.4,82.3,8233.9
2024-03-01,2254.2,178.1,165,74.1,9297.9
2024-03-02,2480.8,228.5,173.9,73.4,7267.4
2024-03-03,2253.2,213.4,192.1,70.7,8155.1
2024-03-04,2323.6,220.5,211.7,68.3,9586.1
2024-03-05,2156.4,241.3,166.7,63.8,8403.6
2024-03-06,2051.7,268.7,211.4,63.4,6326.9
2024-03-07,2750.2,248.6,297,65.3,5936
2024-03-08,2953.6,255.1,347.4,49.2,5710.2
2024-03-09,2681.5,221,269.3,42.4,5782.7
2024-03-10,2801.9,268.5,256,51,6852.8
2024-03-11,2995.7,252.6,267.1,66.8,7531
2024-03-12,2733,231.5,236.8,60.4,7776
2024-03-13,2372.2,231.3,259.7,72.7,8130.8
2024-03-14,2336.3,181.5,341.4,63,7395.9
2024-03-15,2589.4,233.9,327.8,55.9,7032.8
2024-03-16,2555.5,216.8,480.6,55.6,7743.4
2024-03-17,2547.2,223.9,504.6,63.1,7488.5
2024-03-18,2414.5,204,392.5,63.4,6990.3
2024-03-19,2008.9,155.3,330.1,57.6,7751.7
2024-03-20,1812.3,226.3,401.1,54.8,6713.8
2024-03-21,2019.9,241.7,352.6,63.5,5147.3
2024-03-22,2253.5,281.8,420.7,83,5399.9
2024-03-23,2216.1,261.8,371,80.2,6072.3
2024-03-24,2470.6,240.4,346.1,77.2,6927.6
2024-03-25,2268.4,202,304.6,91.9,5458.2
2024-03-26,1889.2,175.8,259,91,4771.6
2024-03-27,2023.5,192.3,263.6,88.9,4843.5
2024-03-28,1866.3,215.2,219.3,107.9,5247.4
2024-03-29,1855.1,212,254.7,118.4,5286.6
2024-03-30,1912.3,313.6,296.8,157.1,5144.5
2024-03-31,2061.4,203.6,294.7,141.2,5282.3
2024-04-01,1683.7,258.2,354.7,93,5092
2024-04-02,1707.2,254.6,315.6,108.8,6253.2
2024-04-03,1782.7,155.9,272.6,115.4,6969.8
2024-04-04,2266.5,156.5,284.7,85.5,6644.2
2024-04-05,2114.7,163.6,287.4,92.6,7026.9
2024-04-06,2033,157,258.7,118.4,7606.4
2024-04-07,2374.6,170.6,229.2,102.9,7532.2
2024-04-08,2199.6,162.1,224.4,93.7,6947.4
2024-04-09,2064.5,201.1,203.9,98.4,6750.6
2024-04-10,1746.1,200.6,159.2,72.9,5158.9
2024-04-11,1852,191.5,148.5,79.7,4713.5
2024-04-12,2271,156.3,196,74.9,5123.7
2024-04-13,2602.3,150.9,170.4,68,4100.2
2024-04-14,2304.1,197.1,189.8,56.2,3760.6
2024-04-15,1964.3,248.9,184.6,48.6,3958.8
2024-04-16,1918.5,231.4,233,64.1,3832.7
2024-04-17,2112.7,188.5,202.8,57.8,4011.5
2024-04-18,2282.1,206.7,241.1,46.8,4222.4
2024-04-19,2713.9,166.4,233.2,45.8,4133.4
2024-04-20,2794.9,141.6,176.4,53.1,4771.5
2024-04-21,2934.9,171.4,212,45.6,4730.3
2024-04-22,3319.7,173.8,200.4,50.7,5978.5
2024-04-23,3316.8,180,210.9,55.1,7430.7
2024-04-24,3243.3,257.4,227.2,54.5,7440.4
2024-04-25,2887.7,259.9,218.4,61.5,7239.4
2024-04-26,2521.6,230.2,177.1,77.2,9597.1
2024-04-27,2349.7,196.9,205.1,74.7,12741.7
2024-04-28,2386.4,276.3,303.7,70.5,12159.6
2024-04-29,2469.2,257.9,314.2,67,11625
2024-04-30,2098.1,246.3,268.5,70.9,9380.3
2024-05-01,1943.6,261.3,346.1,119.3,9278.7
2024-05-02,1590.3,382.5,300.2,117,9478.1
2024-05-03,2002.8,378,382.1,128.9,9388.5
2024-05-04,2074.7,414.9,375.1,99.1,10662.8
2024-05-05,2521.3,428.4,340.4,124.4,9691.4
2024-05-06,2710.7,548.7,358.3,82.4,9322.2
2024-05-07,2510.2,554.8,373.8,93.7,8358.1
2024-05-08,2355.7,457.2,286.9,71.4,9298.3
2024-05-09,2496.1,304.9,304,68.4,9620.1
2024-05-10,2726.3,323.9,347.7,81.3,9103.1
2024-05-11,2653.2,431.8,373,91,7728.8
2024-05-12,2244.8,426,322.1,103.9,9671.6
2024-05-13,1889.3,388.3,305.6,92.9,8624.2
2024-05-14,1799.5,321.2,319.2,101.9,9511.1
2024-05-15,1661.4,259.7,274.2,85.6,10092
2024-05-16,1766.6,231.8,393.4,105.5,9187
2024-05-17,2042.1,232.7,392.7,102.7,8578.8
2024-05-18,2576,184.9,335.1,94.2,8520.4
2024-05-19,2347.4,179.9,376.2,88,8526.7
2024-05-20,2432.6,192.2,361.4,81.1,9937.9
2024-05-21,2260.8,204.9,320.6,104.2,9151.2
2024-05-22,2608.5,206.8,293.1,132.8,9357.2
2024-05-23,2381.2,200.2,344.1,88,9861.3
2024-05-24,2388.3,214.3,306.9,71.1,7596.5
2024-05-25,2384.4,178.4,321,74,7373.6
2024-05-26,2164.2,214,352.6,85.3,6686.9
2024-05-27,2293.3,230.5,280,103.9,6258.6
2024-05-28,2638.4,231.8,298,87,7240.5
2024-05-29,2681.9,310.5,313.4,95.7,7118.5
2024-05-30,2560,289,245.6,100.3,6178.8
2024-05-31,2413,311.7,220.1,87.9,6137.5
2024-06-01,3348.6,405.5,298.1,92.3,9100.2
2024-06-02,2662.9,447.9,343.2,89.3,7287.4
2024-06-03,3113.6,418.6,370.3,82.8,6942.2
2024-06-04,2728.1,286.8,350.3,86.4,7389.7
2024-06-05,2136.7,284.1,475,98.9,6168.8
2024-06-06,2031.6,198.3,452,140.3,7547.2
2024-06-07,2438.7,257,408.3,139.4,8673.9
2024-06-08,2397.7,302.7,557.4,147.6,10503.8
2024-06-09,3081.8,337.7,552,146.3,8435.1
2024-06-10,3248.9,246.7,570.8,140.7,8655
2024-06-11,3426,250.6,516.3,130.5,7232.4
2024-06-12,3021.9,206,565.1,156,8304.6
2024-06-13,2991.9,211.8,503.2,153.7,6752.6
2024-06-14,3328.7,217.7,413.1,124.1,6215.7
2024-06-15,3738.3,254.5,334.1,151.8,8567
2024-06-16,4281.7,267.1,362.7,163.9,9521.5
2024-06-17,5050.6,301.3,349.6,182.8,9781
2024-06-18,5549.9,376.1,380.6,194.4,10147.5
2024-06-19,4841,432.1,388.5,163.9,10296.5
2024-06-20,4399,343.1,336,205.7,10303.3
2024-06-21,4266.5,249.6,381,175.7,8685.6
2024-06-22,3937.2,306.6,355.7,153.9,9560.5
2024-06-23,3436.8,308.1,324.2,171.1,8934
2024-06-24,3328.2,374.2,385.2,190.8,9894.3
2024-06-25,4786.1,328.3,447.1,189.4,8853.9
2024-06-26,5441.6,331.7,506,156.7,9608.8
2024-06-27,5431.1,299.4,648.2,124.2,7781.8
2024-06-28,6038.5,234.4,528.2,95.8,8598.5
2024-06-29,6709.7,235.5,519,94.4,9154.9
2024-06-30,7347.9,266.6,455.8,106.5,9034.8
2024-07-01,9286.8,323.8,964.8,155.6,13086.8
2024-07-02,8247.9,471.3,1151.6,156.5,12739.5
2024-07-03,8822,531.2,1349.9,161.3,15243.9
2024-07-04,10598,592.6,1448.8,143,17585.1
2024-07-05,11434.1,547.4,982.8,145.3,21796.1
2024-07-06,12473.3,529.7,1021.4,146,25213.7
2024-07-07,12011.5,685.7,902.7,150.3,23057.9
2024-07-08,13377.6,710.3,861.4,144,21816.3
2024-07-09,11504.9,640.7,687.4,175.2,21083.5
2024-07-10,9718.5,446.1,825.5,225.5,20728.2
2024-07-11,9819.7,494.2,1017,262.5,21238.4
2024-07-12,7834,529.7,924.7,245.9,22561.4
2024-07-13,6744,704.1,1175.3,327.9,25561.1
2024-07-14,7065.5,895.4,1462.6,425.5,29684.6
2024-07-15,7949.2,1167.9,1772.5,472.7,31255.6
2024-07-16,10827.6,1602.7,2083.2,624.2,36216.1
2024-07-17,11209.5,1978,2384.4,823.1,41889
2024-07-18,12234.6,2048.7,2448.4,844.2,44572.7
2024-07-19,11292.6,1965.4,2238.9,705.5,45562.1
2024-07-20,9902.6,1518.2,1863.4,617.2,42234.5
2024-07-21,9238.7,1235.1,1364.5,504.1,36430.9
2024-07-22,8380.2,1292.1,1140.1,335.2,31922.7
2024-07-23,7646.1,1018.2,954.5,239,31851.8
2024-07-24,6607.2,1105.6,864.3,175.8,27902.1
2024-07-25,5699.7,721.6,985,188.7,29603.4
2024-07-26,5176.8,555.6,812.4,281.1,29565.2
2024-07-27,5033.1,640.9,792.8,244.8,30987.6
2024-07-28,4980,470.2,745.7,229.1,27898.7
2024-07-29,5167.9,530.3,678,219.4,25006
2024-07-30,4815.5,659.3,865.5,242.6,21311.3
2024-07-31,5044.7,619.3,651.2,204.1,19863.9
2024-08-01,5749.4,507.8,796.1,250,21017.3
2024-08-02,5747.9,554.7,666.8,197.9,19820.8
2024-08-03,6581.7,468.9,594.1,238.1,18886
2024-08-04,7038.3,763.1,539.8,200.5,16588.3
2024-08-05,6613,706.4,613.8,187.1,18043.1
2024-08-06,9273.5,549,752.1,158.2,17311.1
2024-08-07,10002.9,657.2,795.6,113.4,15436.6
2024-08-08,9686.4,822.3,713.2,118.9,17223.5
2024-08-09,12248.9,852,658.7,99,18368
2024-08-10,11512.6,779.8,549,141.6,19950.8
2024-08-11,11604.5,789.1,685.4,140.5,21316.2
2024-08-12,11376.3,743.3,803.9,96.9,24656.4
2024-08-13,10907.7,933.6,742.6,95.6,22386.7
2024-08-14,10489.2,1025.5,898.6,111.4,20918.8
2024-08-15,9625.6,881.6,1045,113,23491.1
2024-08-16,8347.3,851.8,845.2,152.3,17805.9
2024-08-17,8432.7,928.8,771.9,143.5,17560.5
2024-08-18,6645.2,929.6,821.3,187,16367.4
2024-08-19,6135.8,788.4,748.6,220,12917.3
2024-08-20,7673.6,755.6,686,239.3,14114.3
2024-08-21,7223.2,929.7,715.2,216.3,12475.5
2024-08-22,7932.5,1100.7,777.9,178,14083.9
2024-08-23,6926,1096.6,760,151.6,11935.2
2024-08-24,8688.5,1216.6,607.4,266.5,13265.2
2024-08-25,9063.2,1472.8,580.8,306.1,13658.3
2024-08-26,9449.4,1433.5,497.5,318.1,14010.2
2024-08-27,9249.4,1376.2,554.6,214.8,11695.7
2024-08-28,9249.4,1411.9,608.6,280.5,11707.5
2024-08-29,9864.6,1068.5,519.3,218.9,12922.8
2024-08-30,10134.9,843.8,467,210.5,11716.9
2024-08-31,8984.3,958.7,575.8,219.5,10954.9
2024-09-01,7222.8,820.2,390.2,199.3,10645.1
2024-09-02,6281.7,720.5,489.9,136,12300.2
2024-09-03,5114.5,661.8,476.5,131.4,11944.4
2024-09-04,5125.3,569,548.7,156.3,10515.9
2024-09-05,4717.1,659.6,598.6,165.8,11266.9
2024-09-06,4607.9,917.1,840.7,122.8,13661.2
2024-09-07,5205.7,806.1,823.4,126.5,16607.5
2024-09-08,5229,767.7,702.5,131.3,17330.7
2024-09-09,5429.1,869.9,676.3,131.9,15058.1
2024-09-10,4798.8,657.2,683.2,171.4,14580.5
2024-09-11,4656.8,514.9,728.3,174.5,11326.2
2024-09-12,5265.4,541.9,782.5,216.2,12338.5
2024-09-13,5204.6,578.2,799.6,272.5,14358.5
2024-09-14,4877,616.1,868,232.8,14731.8
2024-09-15,3881.3,648.8,755.9,185,12649.2
2024-09-16,3765.4,571.5,675,232.2,14533.5
2024-09-17,4707,476.5,660.2,191.1,13151.7
2024-09-18,4468.6,483,651.8,193,17665.6
2024-09-19,3741,598,609.8,201.8,15099.9
2024-09-20,3644.9,678.3,666,257.8,13601.6
2024-09-21,3791.2,596.9,699.3,310.8,11575.7
2024-09-22,4403.8,611.8,691.9,243.6,11041.5
2024-09-23,4506.2,593.1,735.3,283.5,8925.1
2024-09-24,4610.3,578.1,598.6,320,7550.8
2024-09-25,5726.3,528.9,569.3,306.8,6953
2024-09-26,6003.6,475.7,713.7,284.5,7452.7
2024-09-27,5615.6,426.8,847.9,196.1,8362.9
2024-09-28,4721.7,442.7,983.9,211.6,9518.2
2024-09-29,4529.7,476.2,1060.5,207.9,9415
2024-09-30,5748,517.4,918.9,208.8,9512.3
2024-10-01,5092.7,463.7,837.9,156.5,6945.4
2024-10-02,5347.8,417.1,925.6,172,7513.9
2024-10-03,5327.1,537.6,1310.2,247.5,7537.6
2024-10-04,5610.2,512.3,1177.1,188.7,7380.5
2024-10-05,5566.1,622.8,985.5,210.4,9009.6
2024-10-06,6553.1,710.9,998.5,173.7,8824.2
2024-10-07,5933.6,797.4,1063,237.9,7262.2
2024-10-08,5643.7,561.5,1319.3,168.7,8408.3
2024-10-09,5836.2,591.3,1330.1,162.6,8827.4
2024-10-10,5201.6,635.4,935.6,157.4,10953.3
2024-10-11,5958.2,790.3,1008.3,135.3,11000.4
2024-10-12,7295.1,725.8,944.6,137,11811.6
2024-10-13,5374,638.2,905.5,114.8,11925
2024-10-14,6001.4,559.8,973.2,85.6,14566.4
2024-10-15,5233.6,577.8,787.2,79.4,11891
2024-10-16,5334.7,562.4,748.8,116.6,14597.6
2024-10-17,4406.3,530.8,702.2,133.4,13846.7
2024-10-18,4807.9,568.9,573.1,148,14195.5
2024-10-19,4502.5,509.5,473.7,106.4,15074.4
2024-10-20,4120.3,569.6,477.8,143,15926.6
2024-10-21,4080,553.3,469,129.3,12996.4
2024-10-22,4645.7,570.1,376,132.7,13938.6
2024-10-23,4188.1,494.3,304.7,144.3,13702.9
2024-10-24,3549.9,706.4,290.5,104,11273
2024-10-25,3427.3,921.7,329.6,106.9,10522.7
2024-10-26,3542.2,929,412.8,100.6,10113.2
2024-10-27,3654.8,592.9,404.2,85.4,8977.5
2024-10-28,3823.9,596.4,365.7,75.5,7385.6
2024-10-29,3884.9,552.6,371.1,70.6,7129.2
2024-10-30,4651.4,607.6,314.7,68.8,5454.6
2024-10-31,5054.9,617.6,288,75.6,6267.3
2024-11-01,2884.9,456,181.8,42.9,4894.5
2024-11-02,3004.7,418.6,196.7,39.4,5365.7
2024-11-03,2313.4,323.9,155.7,52.7,5098.5
2024-11-04,2432.3,332.4,204.1,46.9,7445.6
2024-11-05,2241.5,282.8,228.8,46.9,6027.2
2024-11-06,2788.3,260.6,213.7,55.9,5326.6
2024-11-07,2969.8,340.7,218.5,62.4,5891.3
2024-11-08,2736.6,378.7,278.3,69,6692.5
2024-11-09,3134.1,311.7,276.9,60.6,6022.8
2024-11-10,3407.3,213.6,327.9,79.2,4656
2024-11-11,3286.9,221.2,373.7,97.3,4990.8
2024-11-12,2889.3,197.9,360.1,112.6,5135.4
2024-11-13,2219.4,243.1,326.5,126.9,4682.8
2024-11-14,2408,245.4,419.5,135.6,4542.3
2024-11-15,2985.4,234.3,412.4,174.2,4441.2
2024-11-16,2693.6,216.1,413.7,165,5608.5
2024-11-17,3103.1,224.1,373,184.1,5777.7
2024-11-18,2869.1,195.9,329.5,186.7,6251
2024-11-19,2299,185.8,261.8,203.8,6848.4
2024-11-20,2674.4,302.9,255.5,216.9,7311.6
2024-11-21,2516.2,271.4,285.2,235.9,8171.6
2024-11-22,2351.4,256.7,290,186.9,7052.3
2024-11-23,2431.2,262.9,311.8,160,5970.7
2024-11-24,2669.3,370.8,434.4,163.9,7528.3
2024-11-25,3252.2,328.6,335.4,135.9,6327.2
2024-11-26,3217.2,346.9,341.5,96.3,8286.9
2024-11-27,2930.6,330.5,449.9,94.4,8725.9
2024-11-28,2796.8,336.1,434.5,97.3,7456.2
2024-11-29,2738.1,403.5,421.3,122.8,8749.2
2024-11-30,3206.8,364.5,404.4,105.5,8360.1
2024-12-01,3066.2,219.3,272.3,84.8,7444.5
2024-12-02,3071.8,259.6,219.6,94,7765.4
2024-12-03,2962.5,234.4,208.9,106.1,8446.9
2024-12-04,2765.7,253,233,105.1,6796.5
2024-12-05,2382.4,232.4,250.4,142.2,6729.7
2024-12-06,2222.2,301.2,212,96.8,6346.8
2024-12-07,2066.7,275.5,197.8,120.4,5617.8
2024-12-08,2091.6,233.5,170.4,98.4,5038.1
2024-12-09,2006.4,371.2,168.9,87.9,5515.7
2024-12-10,2509.5,309.7,168.2,76.2,5358.2
2024-12-11,2849.1,323.7,230.7,65.7,6365.7
2024-12-12,3105,248.2,226.6,58.6,6756.4
2024-12-13,3444.4,257.8,229.3,53.5,5694.5
2024-12-14,3270.4,177.1,264.8,73,5782.6
2024-12-15,3037.2,160.4,241.9,63.9,5434.8
2024-12-16,3014.2,171.4,259.6,69,4738.5
2024-12-17,3487.9,178.4,290.9,78.2,4466.7
2024-12-18,3526.4,180.2,325.5,90.6,5835.3
2024-12-19,2906.2,232.1,346.6,94.7,6722.2
2024-12-20,2399.6,275.9,348.2,99.4,6889
2024-12-21,2631.3,290.7,318,76.9,5504.7
2024-12-22,2835.2,296.2,317.1,88.5,5271.8
2024-12-23,2574.2,266.1,234.7,68.5,4759.5
2024-12-24,2669.4,277.2,218.7,82.3,3947.8
2024-12-25,2292.8,234.2,194.6,84.2,4295.8
2024-12-26,1787.7,224,156,102.7,3679.8
2024-12-27,1585,211.1,198.7,94.6,3881.7
2024-12-28,1831.9,223.8,261.1,54.3,3876.8
2024-12-29,1815.8,219.6,217.5,56,4161
2024-12-30,2136.9,193.1,232.3,54,3586.7
2024-12-31,1868.3,176.2,217.2,50.9,4449.9
2025-01-01,1568.4,157,204.3,67.9,4318.3
2025-01-02,1666.3,204.1,156.5,61.9,4211.2
2025-01-03,1867.3,160.9,200.4,62.4,3971.1
2025-01-04,1950.7,116.3,198.6,39.1,4398.2
2025-01-05,2291.8,124.8,252.7,39.3,4572.8
2025-01-06,2239.5,93.9,228.8,51.6,4357.2
2025-01-07,1974.9,83.7,256,68.7,5198.2
2025-01-08,2145.5,108.8,239.6,65,6836.5
2025-01-09,2079.3,120.2,189.9,46.5,6753.2
2025-01-10,2085.5,123.6,179.3,33.2,7113.5
2025-01-11,2149.8,122.8,199.3,39.4,8754.6
2025-01-12,2236.4,134.1,203.1,39.6,8454.2
2025-01-13,2176.4,144.5,201.6,33.8,9630.5
2025-01-14,2018,152.2,176.5,40.6,7947.1
2025-01-15,2276.8,121,227,46,6414.8
2025-01-16,2177,128.6,222.4,65.7,6366.9
2025-01-17,2441.3,126.1,185.3,85.1,6535.9
2025-01-18,2783.4,149.4,161.4,94.6,7052.9
2025-01-19,2317.3,146.4,162.6,98.9,6117.9
2025-01-20,2151.3,126.8,189.4,86.3,5694.1
2025-01-21,2293.9,123.3,193.3,99.9,5285.8
2025-01-22,2185.3,107.6,222.3,98.4,5381.8
2025-01-23,2713.7,90.3,247.2,69.9,5593.9
2025-01-24,2425.3,82.9,237.8,69.7,5873
2025-01-25,2078.6,86.3,256.2,82.7,5143.7
2025-01-26,2245.3,62,252.1,80.8,5562.4
2025-01-27,2100.5,80.4,290.6,70.5,6258.5
2025-01-28,1918,89.1,316.9,64.7,7126.3
2025-01-29,2201.7,112.2,277.9,55,6676.7
2025-01-30,2276.4,117.3,365.2,37.3,5269.7
2025-01-31,2366.5,114.2,362.3,48.7,3551.6
2025-02-01,2172.2,76.5,305.2,52.9,3270.3
2025-02-02,2380.3,70.7,360.5,58.4,4313.9
2025-02-03,1659.1,70.7,281,50.6,3230.8
2025-02-04,1935.7,77.2,269.9,55,3847.4
2025-02-05,1895.6,63.3,324.1,47,4066.9
2025-02-06,1783.4,70.8,287,53.3,3669.1
2025-02-07,2017.6,71,237.6,88.2,4243
2025-02-08,2315.5,121.9,240.1,113.3,3328.9
2025-02-09,2203.9,104.9,257.2,99.2,4321.2
2025-02-10,2279.3,101,277.1,77.4,4592.3
2025-02-11,2409.8,144.3,242.7,68.7,4256.6
2025-02-12,2387.5,135.8,317.4,41.4,5827.2
2025-02-13,2456.5,143.3,292.7,47.7,5533.1
2025-02-14,2751.7,144.7,311,38.3,5847.8
2025-02-15,2760.3,157.3,241.3,35.2,6316.2
2025-02-16,2526.7,162.8,282.2,32.8,6327.7
2025-02-17,2484.9,161.8,259.1,41.2,7943.5
2025-02-18,2417.2,149.8,274.5,30.1,7552.7
2025-02-19,1905.1,165.9,235,41.8,7258.6
2025-02-20,1740.1,258.6,263.7,42.5,7163.9
2025-02-21,1737.5,222.7,312.3,42.3,6082.7
2025-02-22,1730.7,279.1,289.6,40.7,7747.6
2025-02-23,1661.8,235,247,51.1,8604.8
2025-02-24,1951,251.7,211.5,39.7,7570.2
2025-02-25,2453.5,275.7,238.1,35,8312.5
2025-02-26,2590.4,263.3,232.9,33.9,8032.2
2025-02-27,2378.8,233.4,230.5,25.3,5941.9
2025-02-28,2116.3,239.5,275.9,26.6,6099
2025-03-01,2134,187.1,267,36,5821.9
2025-03-02,2345.7,147.7,259.8,38.8,5527.4
2025-03-03,2021.3,142.3,270.4,41.6,6150.6
2025-03-04,1802.2,144.3,316.3,46.8,6871.3
2025-03-05,1863.8,173.2,246.3,58.6,6601.5
2025-03-06,1819,177.4,223.1,49.1,5042.5
2025-03-07,1531,186.4,212.4,56.7,4768.6
2025-03-08,1363.6,174.5,184.3,59,5709.3
2025-03-09,1337,215.5,166.6,53.9,5828.9
2025-03-10,1796.2,191.9,154.2,60.4,5441.6
2025-03-11,2084.3,217.4,175.8,82.9,3561.9
2025-03-12,1841.1,124.6,195,89,3687.5
2025-03-13,1493.9,124.9,206.7,112.8,4119.4
2025-03-14,1644.7,119.2,220.1,133.2,5382.5
2025-03-15,1983.3,122.8,129.5,100.4,5268.9
2025-03-16,2123.7,88.5,110.9,75.3,4858.1
2025-03-17,1880.7,74.7,107.7,49.4,4717.9
2025-03-18,1953.5,118,150.6,42.8,4352.9
2025-03-19,2085.6,142.2,148.4,51.2,4449.6
2025-03-20,2278.1,136.4,162.2,45.1,4577.1
2025-03-21,2374.7,141.9,147.8,38.7,5224
2025-03-22,2425.9,169.1,156.1,27.7,5023.6
2025-03-23,2543.1,170,183.8,22.1,5741.8
2025-03-24,2137.2,164.6,166.5,25.1,5493.2
2025-03-25,2095.8,165.1,195.3,33,5645
2025-03-26,1924.5,175.8,166.6,33.6,6495.5
2025-03-27,1707.3,187.5,150.4,38.4,6202.1
2025-03-28,1706.8,160.5,156.3,44.3,5265.1
2025-03-29,1649.2,205,168,41,4665.5
2025-03-30,1376.6,223.9,213.9,45.9,3756.4
2025-03-31,1351,203.8,183.3,65,3410.7
2025-04-01,1546.1,313.3,194.9,60.5,4945.8
2025-04-02,1488.6,293,192.4,56.5,5967.2
2025-04-03,1546.4,315.3,228,53.2,5218.8
2025-04-04,1619.3,294.3,267.5,59.7,6030
2025-04-05,1659.2,321.2,232.8,49,5691.5
2025-04-06,1678.7,257.1,236,46.5,5576.6
2025-04-07,1845,233.6,243.4,56.4,6503
2025-04-08,1759.9,214.6,191.5,41.4,7589.7
2025-04-09,1657,247.7,218.9,40.4,6895.6
2025-04-10,1853.3,251.2,206.3,42.9,8563.6
2025-04-11,1996.7,183.6,243.2,41.3,7584.7
2025-04-12,2295.2,207,239.8,34.7,6546
2025-04-13,2207.1,192.4,234.7,37.7,4791.6
2025-04-14,2469.2,199.1,234.8,39.5,5822.9
2025-04-15,2705.1,208.8,267.3,44.5,5829
2025-04-16,2166.4,179,227.4,57.6,5621.8
2025-04-17,2392.4,226.9,264.3,45.2,4166.9
2025-04-18,2876.7,178.2,282.7,37.4,5146.3
2025-04-19,2751.6,185.4,182.7,41.5,5599.9
2025-04-20,2487.1,172.2,206.7,54.6,5546.2
2025-04-21,2590.4,187.4,197.3,68.8,5474.7
2025-04-22,2589,179.5,206.3,74.4,5180.9
2025-04-23,2278.9,151.2,280.1,58.3,4670.1
2025-04-24,2424.9,117.2,274.4,52.3,4598.4
2025-04-25,2566,104.8,239.3,59.7,5192
2025-04-26,2195.3,112.1,267.8,63.6,5882.6
2025-04-27,2394.6,109.9,268.9,52.2,5957.1
2025-04-28,2524.1,123.5,234.1,61.1,5479.1
2025-04-29,2792.1,131.4,204.1,56.5,4833.5
2025-04-30,2758.3,152.9,149.2,35.6,4282.5
2025-05-01,3598.1,195.5,157.1,60.6,5354.8
2025-05-02,4440.7,195.6,202.2,51.6,6443.6
2025-05-03,4153.2,241.5,169.8,55.1,6520.6
2025-05-04,4923.5,262.6,196.4,46.2,6818
2025-05-05,4806.8,259,190.7,53.9,8002.9
2025-05-06,5210.6,223.4,189.9,57.2,9537.9
2025-05-07,4787.2,274,152.1,47.2,9464.9
2025-05-08,4439.8,340.7,130.5,58.2,7971.4
2025-05-09,4601.8,374.7,137.8,56,8702.6
2025-05-10,4409.2,242.4,135.9,70.5,9931.6
2025-05-11,3859.2,276.9,110.9,68.9,11074.3
2025-05-12,3567,274,126.8,74.3,10908
2025-05-13,3291.4,282.8,179,76.5,13881.2
2025-05-14,3092.1,226.6,170.2,80.7,16007.6
2025-05-15,2805.8,202.8,175.4,83.6,15940.5
2025-05-16,2660.7,196.8,187.8,102.3,13085
2025-05-17,2660.9,224.6,196.8,116.9,11534.8
2025-05-18,2134.4,225.5,204.3,125.7,12109.8
2025-05-19,1884.8,192.1,157.9,100.1,11425
2025-05-20,1965.1,177.8,187.5,91,11849
2025-05-21,2103.1,193.2,217.5,92.1,10019.8
2025-05-22,2298.3,199.6,231.9,68.9,7458
2025-05-23,2205.2,241.7,269.2,70.1,8087.2
2025-05-24,2405.4,271.8,331.8,77.6,9764.2
2025-05-25,2196.8,322.8,369.9,88.7,8506.3
2025-05-26,2235.3,314.6,341.4,103.3,8712.6
2025-05-27,2208.1,304.8,322.1,138.2,8231.4
2025-05-28,2178,270.7,347.5,155.5,7563.4
2025-05-29,2303.9,248.8,384.3,136.6,6035.7
2025-05-30,2102,268.1,282.8,95.5,5548.9
2025-05-31,2009.6,207.6,299.2,105.1,6279.8
2025-06-01,3039.3,314.5,372,156.8,9842.6
2025-06-02,3426.5,382.3,352.7,154.2,9939.5
2025-06-03,3491.9,517,299,137.5,10701
2025-06-04,3595.8,494.9,337.5,143.4,8739.2
2025-06-05,3843.8,373.7,395.1,160.1,7983.2
2025-06-06,3766.5,308.6,369.6,141.2,9356.5
2025-06-07,3465.1,337.4,363.6,139.3,8784.2
2025-06-08,3158.6,303.8,396.6,167.3,11772.5
2025-06-09,3007,327.3,488.1,110.3,9691.1
2025-06-10,3207.5,330,487.4,161.9,8009
2025-06-11,3334.5,358.3,648.4,121,7641.6
2025-06-12,2666.5,312.7,616.5,143.5,7664.3
2025-06-13,3167.2,288,606.2,158.7,7942.4
2025-06-14,2981.5,278.8,504,145.3,8899.9
2025-06-15,3270.3,330.5,571.1,172,9003.2
2025-06-16,3308.6,251.8,499.3,129.1,7536.5
2025-06-17,4008.2,263.8,769.1,128.2,7646.1
2025-06-18,4259.5,277.2,733.7,101.2,8025.7
2025-06-19,4051.6,324.3,636,124.1,10683.2
2025-06-20,4155.1,309.4,750.5,100.1,11133.9
2025-06-21,4107.4,299.9,896.9,81.1,12908.1
2025-06-22,3400.2,302.7,717.1,76.1,10059.6
2025-06-23,3111.4,323.2,683.4,44.3,11100.7
2025-06-24,3936.1,370.4,656.8,39.6,10071.2
2025-06-25,4617,420,567,37.6,11048
2025-06-26,5826.4,441.7,534.5,55.1,9794.6
2025-06-27,7097.8,460.1,583.1,54.5,10449.3
2025-06-28,8246.6,558.2,560.2,69.4,12604.3
2025-06-29,9315.9,534.5,447.1,75.4,12049.2
2025-06-30,9350,612.8,428,79.3,11677.3
2025-07-01,9201.4,907.9,807.4,107.2,16523.2
2025-07-02,7654.1,701.2,627.7,142,14230.2
2025-07-03,7265.2,708.5,765.2,182.5,16632.2
2025-07-04,5929.9,829.6,701.3,172.1,13334.4
2025-07-05,4662.4,730.2,723,151.9,13297.8
2025-07-06,4401,757.7,1024.2,170.4,13994.5
2025-07-07,4385,690.7,812.9,168.9,19114.3
2025-07-08,4657.3,452.4,769.7,235.6,21015.9
2025-07-09,5090.3,514.6,762.5,211.8,24125.1
2025-07-10,4638.5,586.5,740.8,234.4,27486.2
2025-07-11,5247.7,637.8,876.6,221.8,31765.9
2025-07-12,4286.4,611.9,886.1,195,35948.7
2025-07-13,4925.4,614.3,1152,276.3,34849.5
2025-07-14,5732,480.5,1177.8,272.9,30411.5
2025-07-15,5983.2,667.7,982.1,249.8,23871
2025-07-16,7634.2,781.6,824.9,249.8,24451.7
2025-07-17,6274.2,900.6,1022.7,228.6,18948.2
2025-07-18,6801.7,996.4,1144.1,229.4,18620.8
2025-07-19,7502.7,1140.4,1308.3,273.8,21182.9
2025-07-20,7595.5,1416.2,1320.3,333.8,19152.4
2025-07-21,7974,1620.1,1822.9,397.5,18295.8
2025-07-22,9065.3,1550.3,1943.6,463,16871.9
2025-07-23,10751.2,1763.7,2061,515.4,15857.9
2025-07-24,10568.3,1514.8,2194.2,506.2,17209.4
2025-07-25,11045.1,1449.5,2025.3,472.6,18158.6
2025-07-26,10208.1,1396.1,1917.2,422.4,20088.9
2025-07-27,8945.9,1376.1,1567.4,368.1,19776.3
2025-07-28,7053.9,958.6,1222.4,311.7,15978.9
2025-07-29,4813,686.8,946.9,280.9,20766.4
2025-07-30,3768,579.3,801.7,231.7,18884.4
2025-07-31,4072.8,534.2,650.1,288.3,15684.6
2025-08-01,5146.5,660.8,715.4,295.3,21700.6
2025-08-02,5760.8,592.8,906.4,301.8,20052.1
2025-08-03,5844.1,465.5,1065.1,245.9,27529.5
2025-08-04,5877.8,413.6,1224.5,247.9,27270.5
2025-08-05,6860.2,464.4,1107.2,216.3,30571.9
2025-08-06,7249.1,446.2,1067.5,219.2,25212.6
2025-08-07,7031.8,428,1077.3,172.2,23937.4
2025-08-08,7229.6,499.5,1012.9,187.5,24634.2
2025-08-09,7328.7,651.2,1166.2,153.5,24047.7
2025-08-10,8819.4,630.1,874.4,158.9,24217.8
2025-08-11,7631.1,631.2,755.6,191,23165.2
2025-08-12,8056.1,526.5,820.5,254.8,22146.6
2025-08-13,10256.3,459,782.8,241.5,25304.8
2025-08-14,7203.3,414,1118.2,301.5,22728.2
2025-08-15,6098.2,349.3,1079,278.9,19314.7
2025-08-16,6479.1,347.8,1064.2,252.4,16039.4
2025-08-17,6281.9,330.7,1351.4,220.9,13292.5
2025-08-18,5511.7,499.2,1337.3,217.9,16243.2
2025-08-19,6883.2,518.5,1229.3,212.4,15276.7
2025-08-20,7523.6,436.2,882.5,194.5,11099.4
2025-08-21,8826.7,386.2,882.6,221.9,11030.7
2025-08-22,9716.5,473,879.6,208.4,10766.2
2025-08-23,9673.6,405.8,792.6,243.9,11899
2025-08-24,8408.7,401.5,776.3,256.5,16438.5
2025-08-25,8551.1,421.4,568.7,285.5,15800.7
2025-08-26,8335.5,490.2,577.5,255.2,17288.6
2025-08-27,9727.1,495,544,179.1,17762.3
2025-08-28,12738.7,652.2,662.7,149.1,16517.3
2025-08-29,10335.8,792.3,678.8,127.3,15128.9
2025-08-30,11257,891.9,732.1,131.5,12804.9
2025-08-31,10686.7,855,1081.1,157,13158.5
2025-09-01,9652,654.7,907,153.3,10055.1
2025-09-02,9036.9,960.7,849.4,137.8,9774.7
2025-09-03,8371.9,830.7,825.1,140.9,12435.7
2025-09-04,6546.9,729.2,855.6,140.8,11564.5
2025-09-05,7120.3,706.1,794.6,141.1,13892.1
2025-09-06,6348,687.2,908.5,125.9,18846.1
2025-09-07,6045.5,720.3,709.6,115,17789.5
2025-09-08,6336.6,607.3,882.3,130.9,12033.8
2025-09-09,5780.7,589.4,1018.4,167.5,14970.6
2025-09-10,6036.8,600.8,868.9,127.3,15931.3
2025-09-11,6345.8,562.2,743,129.1,14804.8
2025-09-12,5880.9,654.5,748.7,101.2,11305.7
2025-09-13,5494,702.5,705.8,111,10568.6
2025-09-14,6485.1,891,622.9,153.4,13882.3
2025-09-15,6421.1,943.1,675.5,120.7,12675.7
2025-09-16,5599,602.9,614.8,145.7,12982.9
2025-09-17,4624.6,515.4,600.4,124.3,15846.7
2025-09-18,4783.7,577.8,657.5,103,19178.2
2025-09-19,4822.5,382.2,485.6,107.6,16706.5
2025-09-20,4993.3,452.5,584.2,121.1,19720.2
2025-09-21,4251.6,428.5,606.7,126.2,14645.6
2025-09-22,4516.4,428.5,736.3,136.7,18014.2
2025-09-23,4223.9,436.5,779.5,108.4,20235.1
2025-09-24,4236.7,520.7,730.4,117,21949
2025-09-25,3767.9,582.9,568,141.1,16576.1
2025-09-26,3638.3,562.6,610.1,166.2,15186.6
2025-09-27,4257.1,545.5,592.1,213.4,18471.7
2025-09-28,4592.2,575,704,224,20430.6
2025-09-29,4515.8,532.4,649.8,208.3,20131.3
2025-09-30,4876.1,596,616.9,228.1,24016.8
2025-10-01,3612.8,441.8,416.2,196.3,12861
2025-10-02,3345.6,471.8,415.2,162.5,15042.9
2025-10-03,3247.1,505.6,383.9,180.1,13546.9
2025-10-04,3553.1,460.7,274.1,197.6,15325.8
2025-10-05,3539.9,545,285.7,179.8,13782
2025-10-06,3434.5,529.9,355.6,161.2,16463.6
2025-10-07,3048,580.9,339.7,115,14909
2025-10-08,3190.1,649.5,385.2,102.6,12399.9
2025-10-09,3411.2,520.9,287.2,81.2,12961.2
2025-10-10,3346.3,558.6,305.9,89.9,12998.9
2025-10-11,4129.9,627.7,295.7,99.8,11540.8
2025-10-12,4139.2,556.8,469.7,137.1,11284.2
2025-10-13,4488.5,697.5,377.5,123.4,11905.5
2025-10-14,4240.6,618.1,391.7,113.9,10950.8
2025-10-15,4992.8,663.3,471,157.1,10135.8
2025-10-16,4558.6,656.8,467.9,157.9,9512.2
2025-10-17,5186.9,529.5,465.2,113.7,10644.2
2025-10-18,5413.1,454.8,600.7,94.4,10252.5
2025-10-19,5046.9,370.4,593.6,107.2,9586
2025-10-20,6243.3,374.9,769.6,105.6,11293.3
2025-10-21,4784.6,413.5,856.7,102.5,8581.3
2025-10-22,4850.4,511.8,850,124.6,8806.3
2025-10-23,4552.4,552.9,812.5,140.1,9276.8
2025-10-24,3961.3,386.2,523.2,158.8,7915.4
2025-10-25,4839.5,485.5,520.9,159.6,8195.9
2025-10-26,4944.4,468.7,480.9,159.8,9792
2025-10-27,5197.2,440.5,553.4,164.1,8595.9
2025-10-28,4613,438.2,577.8,161,8212
2025-10-29,4200.3,482.4,627.6,141.2,8336
2025-10-30,3641.6,558.3,626.6,148.8,8364.7
2025-10-31,4214.4,588.5,666.3,113.5,9398.9
2025-11-01,3262.8,333.3,402.9,87.8,7270.4
2025-11-02,2813.8,364.4,417.2,82.6,6749.1
2025-11-03,3474.4,356.8,337.3,82.8,5618.3
2025-11-04,3223.6,313.6,272.7,73.2,4989.6
2025-11-05,3404.3,316.7,293.7,72.6,6212.6
2025-11-06,3587.5,470.7,398,53.1,5752.7
2025-11-07,3797.4,296.7,387.3,62.3,6056.9
2025-11-08,3864.2,345.5,296.1,71.9,6703.1
2025-11-09,4035.4,351.7,266.4,66.2,5717.2
2025-11-10,3733.3,293.5,279.3,63.8,5999.7
2025-11-11,3634.5,272.1,262.4,53.8,4982.5
2025-11-12,3601.9,203.9,299.1,55.5,5111.2
2025-11-13,3521.4,203.6,270.1,72.2,6595.8
2025-11-14,3542.9,187.3,289.7,94.6,6484.1
2025-11-15,3490.4,202.6,276.3,100.9,4986.9
2025-11-16,3535.6,249.8,360.3,95,4400.9
2025-11-17,3715.1,271.3,442.4,93,4012.8
2025-11-18,4045.9,303,449.2,78.3,4657.2
2025-11-19,4718.3,300.5,365.3,72.5,4345.8
2025-11-20,4198,258,389.9,67.3,5050.9
2025-11-21,3534.4,169.5,374.8,49.4,5474.1
2025-11-22,3567,262.9,452.2,60.7,5515.5
2025-11-23,3200.5,260.5,307.2,68.4,4906.9
2025-11-24,3334.4,286.7,190.5,54.9,5578.6
2025-11-25,3556.9,287,191.8,68.9,6067.8
2025-11-26,3636.4,302.2,252,76.2,5775.3
2025-11-27,3220.9,254.1,301.3,87.6,6789.1
2025-11-28,3127.5,250.3,313.1,92.8,6751.2
2025-11-29,3061.7,288.4,295.6,95.8,7621.7
2025-11-30,3156.2,353.2,278,108.5,7453.6
2025-12-01,2614.9,226.2,247.7,90.2,6875.3
2025-12-02,2538.7,192.6,288.8,80.9,7055.1
2025-12-03,2790.8,183.9,261.6,80.1,6233.7
2025-12-04,2359.9,216.3,229.2,63.6,7460.3
2025-12-05,2610.1,205.3,177.2,53.8,6619.6
2025-12-06,2726.1,236.9,172.1,64.1,7836.1
2025-12-07,3233.5,220.8,160.6,83.2,8345.1
2025-12-08,3498.6,218.7,179.2,95.6,7601.4
2025-12-09,3235.4,234.2,204.5,99.7,6130.7
2025-12-10,2379.6,243.8,171.6,152.5,6082.8
2025-12-11,2633.6,259.2,160.3,190.5,6917.9
2025-12-12,2381.7,239.3,137.8,132.1,7367.5
2025-12-13,2791.2,265.9,129.4,138,7112.9
2025-12-14,2600.3,238.2,106.8,124,6508.2
2025-12-15,2683,196.2,94.1,115.1,5474.7
2025-12-16,3094.4,189.5,98.3,118.7,4936.6
2025-12-17,3026.4,190.8,114.1,113.3,5162.5
2025-12-18,3287.7,212.4,103.4,119.2,4857
2025-12-19,2847.3,193.6,111.8,100.2,4401.7
2025-12-20,2744,215,95.9,107.7,4157.2
2025-12-21,3012.1,191.2,99.8,91.1,4546.5
2025-12-22,2520.9,187.7,123.5,93.8,4732.5
2025-12-23,2344.6,229.9,103.2,85.3,5926.6
2025-12-24,2553,222.7,116.4,104.7,4540
2025-12-25,2530.5,204.8,139.7,87.1,4276.5
2025-12-26,2302.2,172.8,165.6,83.4,4087.2
2025-12-27,2257.8,115,167.5,86.2,3365.5
2025-12-28,2486.3,139.5,147.3,121.8,3800.5
2025-12-29,2479.1,194.9,147.8,156.4,3776.6
2025-12-30,2443,232,161.3,118.5,3915.9
2025-12-31,2507.1,196,158.5,101.2,4150
